game_date,team_name,season,team_points,team_fg_percentage,team_ft_percentage,team_3pt_percentage,team_assists,team_rebounds,team_win
12/21/2022,Lakers,2022,120,0.5,0.833,0.458,25,39,0
12/19/2022,Lakers,2022,104,0.448,0.824,0.429,13,38,0
12/11/2022,Lakers,2022,124,0.548,0.778,0.423,31,42,1
12/9/2022,Lakers,2022,122,0.5,0.767,0.355,29,37,0
12/7/2022,Lakers,2022,113,0.425,0.914,0.212,16,46,0
12/6/2022,Lakers,2022,102,0.427,0.833,0.167,16,43,0
12/4/2022,Lakers,2022,130,0.542,0.727,0.385,34,51,1
12/2/2022,Lakers,2022,133,0.542,0.75,0.423,32,44,1
11/26/2022,Lakers,2022,143,0.58,0.865,0.515,25,39,1
11/25/2022,Lakers,2022,105,0.482,0.85,0.296,28,49,1
11/22/2022,Lakers,2022,105,0.424,0.829,0.182,19,45,0
11/9/2022,Lakers,2022,101,0.455,0.647,0.313,26,43,0
11/7/2022,Lakers,2022,116,0.488,0.9,0.375,15,33,0
10/28/2022,Lakers,2022,102,0.416,0.704,0.31,20,55,0
10/26/2022,Lakers,2022,99,0.444,0.688,0.267,25,47,0
10/18/2022,Lakers,2022,109,0.426,0.76,0.25,23,48,0
10/14/2022,Lakers,2022,86,0.358,0.645,0.242,18,37,0
10/9/2022,Lakers,2022,124,0.5,0.944,0.436,24,38,1
12/18/2022,Lakers,2022,119,0.5,0.727,0.407,29,43,1
12/16/2022,Lakers,2022,126,0.527,0.75,0.364,29,45,1
12/13/2022,Lakers,2022,118,0.473,0.733,0.276,23,49,0
11/30/2022,Lakers,2022,128,0.495,0.692,0.378,28,48,1
11/28/2022,Lakers,2022,115,0.43,0.774,0.355,23,57,0
11/20/2022,Lakers,2022,123,0.529,0.875,0.353,29,54,1
11/18/2022,Lakers,2022,128,0.551,0.875,0.35,29,44,1
11/13/2022,Lakers,2022,116,0.484,0.85,0.407,25,45,1
11/11/2022,Lakers,2022,114,0.477,0.769,0.4,22,41,0
11/6/2022,Lakers,2022,100,0.46,0.571,0.296,24,43,0
11/4/2022,Lakers,2022,116,0.482,0.893,0.423,22,40,0
11/2/2022,Lakers,2022,120,0.459,0.87,0.278,30,56,1
10/30/2022,Lakers,2022,121,0.479,0.8,0.433,24,51,1
10/23/2022,Lakers,2022,104,0.446,0.8,0.182,26,40,0
10/20/2022,Lakers,2022,97,0.351,0.846,0.2,23,38,0
10/12/2022,Lakers,2022,113,0.446,0.784,0.256,26,52,0
10/6/2022,Lakers,2022,99,0.34,0.733,0.224,23,54,0
10/5/2022,Lakers,2022,115,0.427,0.727,0.317,26,47,0
10/3/2022,Lakers,2022,75,0.312,0.625,0.233,17,49,0
4/10/2022,Lakers,2021,146,0.468,0.894,0.372,26,50,1
4/7/2022,Lakers,2021,112,0.446,0.763,0.281,14,42,0
4/5/2022,Lakers,2021,110,0.453,0.767,0.31,22,46,0
3/31/2022,Lakers,2021,109,0.494,0.714,0.28,18,40,0
3/29/2022,Lakers,2021,110,0.449,0.818,0.273,20,48,0
3/27/2022,Lakers,2021,108,0.525,0.625,0.4,26,39,0
3/21/2022,Lakers,2021,131,0.564,0.813,0.375,34,41,1
3/19/2022,Lakers,2021,119,0.527,0.909,0.371,25,41,0
3/18/2022,Lakers,2021,128,0.49,0.714,0.442,33,43,1
3/16/2022,Lakers,2021,104,0.419,0.696,0.227,23,38,0
3/13/2022,Lakers,2021,111,0.444,0.742,0.4,24,37,0
3/9/2022,Lakers,2021,130,0.465,0.692,0.383,25,48,0
3/7/2022,Lakers,2021,110,0.473,0.696,0.308,19,43,0
3/3/2022,Lakers,2021,111,0.488,0.773,0.343,26,36,0
2/12/2022,Lakers,2021,115,0.466,0.667,0.407,25,48,0
2/9/2022,Lakers,2021,105,0.554,0.462,0.459,29,38,0
2/3/2022,Lakers,2021,110,0.466,0.68,0.379,19,44,0
1/30/2022,Lakers,2021,121,0.54,0.522,0.429,29,38,0
1/28/2022,Lakers,2021,114,0.418,0.719,0.375,19,44,0
1/27/2022,Lakers,2021,87,0.409,1,0.207,19,42,0
1/25/2022,Lakers,2021,106,0.472,1,0.316,23,33,1
1/23/2022,Lakers,2021,107,0.456,0.8,0.275,20,38,0
1/21/2022,Lakers,2021,116,0.494,0.826,0.433,23,45,1
1/15/2022,Lakers,2021,96,0.439,0.737,0.333,21,41,0
1/12/2022,Lakers,2021,116,0.429,0.667,0.34,25,45,0
12/29/2021,Lakers,2021,99,0.453,0.75,0.366,24,39,0
12/28/2021,Lakers,2021,132,0.522,0.759,0.412,27,48,1
12/19/2021,Lakers,2021,110,0.512,0.636,0.353,25,46,0
12/17/2021,Lakers,2021,92,0.385,0.69,0.279,26,36,0
12/15/2021,Lakers,2021,107,0.433,0.778,0.385,24,46,1
12/10/2021,Lakers,2021,116,0.471,0.75,0.452,23,47,1
12/9/2021,Lakers,2021,95,0.462,0.647,0.4,26,45,0
11/30/2021,Lakers,2021,117,0.5,0.7,0.393,21,47,1
11/24/2021,Lakers,2021,124,0.442,0.862,0.405,20,52,1
11/23/2021,Lakers,2021,100,0.374,0.7,0.306,23,50,0
11/21/2021,Lakers,2021,121,0.489,0.778,0.323,29,51,1
11/19/2021,Lakers,2021,108,0.464,0.75,0.4,20,33,0
11/17/2021,Lakers,2021,102,0.417,0.833,0.279,24,48,0
11/6/2021,Lakers,2021,90,0.344,0.792,0.281,20,59,0
10/27/2021,Lakers,2021,115,0.5,0.857,0.314,29,40,0
10/26/2021,Lakers,2021,125,0.476,0.773,0.267,20,56,1
10/14/2021,Lakers,2021,112,0.468,0.625,0.31,25,56,0
10/8/2021,Lakers,2021,114,0.429,0.719,0.361,22,56,0
10/6/2021,Lakers,2021,105,0.464,0.789,0.353,24,40,0
4/8/2022,Lakers,2021,120,0.5,0.744,0.29,23,45,1
4/3/2022,Lakers,2021,118,0.533,0.667,0.3,31,40,0
4/1/2022,Lakers,2021,111,0.476,0.71,0.407,24,40,0
3/23/2022,Lakers,2021,121,0.515,0.625,0.367,25,45,0
3/14/2022,Lakers,2021,103,0.391,0.759,0.31,20,43,0
3/11/2022,Lakers,2021,122,0.527,0.706,0.452,25,37,1
3/5/2022,Lakers,2021,124,0.494,0.857,0.439,25,47,1
3/1/2022,Lakers,2021,104,0.451,0.8,0.412,22,37,0
2/27/2022,Lakers,2021,95,0.417,0.9,0.206,15,38,0
2/25/2022,Lakers,2021,102,0.419,0.762,0.258,18,47,0
2/16/2022,Lakers,2021,106,0.477,0.636,0.278,24,44,1
2/8/2022,Lakers,2021,116,0.518,0.6,0.313,28,41,0
2/5/2022,Lakers,2021,122,0.471,0.607,0.265,29,57,1
2/2/2022,Lakers,2021,99,0.423,0.667,0.367,25,53,1
1/19/2022,Lakers,2021,104,0.444,0.722,0.324,23,40,0
1/17/2022,Lakers,2021,101,0.442,0.609,0.297,15,45,1
1/9/2022,Lakers,2021,119,0.464,0.789,0.424,26,41,0
1/7/2022,Lakers,2021,134,0.495,0.895,0.415,37,47,1
1/4/2022,Lakers,2021,122,0.495,0.65,0.344,24,44,1
1/2/2022,Lakers,2021,108,0.48,0.793,0.317,20,28,1
12/31/2021,Lakers,2021,139,0.553,0.867,0.463,27,47,1
12/25/2021,Lakers,2021,115,0.417,0.893,0.286,29,47,0
12/23/2021,Lakers,2021,110,0.468,0.567,0.185,21,48,0
12/21/2021,Lakers,2021,90,0.391,0.652,0.2,14,47,0
12/12/2021,Lakers,2021,106,0.488,0.647,0.464,24,44,1
12/7/2021,Lakers,2021,117,0.516,0.765,0.296,25,51,1
12/3/2021,Lakers,2021,115,0.5,0.619,0.364,28,43,0
11/28/2021,Lakers,2021,110,0.5,0.6,0.281,32,42,1
11/26/2021,Lakers,2021,137,0.5,0.714,0.341,32,51,0
11/15/2021,Lakers,2021,103,0.456,0.806,0.188,19,43,0
11/14/2021,Lakers,2021,114,0.518,0.765,0.484,28,46,1
11/12/2021,Lakers,2021,83,0.354,0.8,0.22,17,44,0
11/10/2021,Lakers,2021,120,0.5,0.625,0.474,26,50,1
11/8/2021,Lakers,2021,126,0.484,0.714,0.406,30,51,1
11/4/2021,Lakers,2021,104,0.415,0.824,0.364,22,49,0
11/2/2021,Lakers,2021,119,0.527,0.75,0.24,26,43,1
10/31/2021,Lakers,2021,95,0.406,0.615,0.29,22,43,1
10/29/2021,Lakers,2021,113,0.548,0.9,0.444,24,42,1
10/24/2021,Lakers,2021,121,0.536,0.682,0.533,29,36,1
10/22/2021,Lakers,2021,105,0.395,0.759,0.441,25,46,0
10/19/2021,Lakers,2021,114,0.474,0.474,0.357,21,45,0
10/12/2021,Lakers,2021,99,0.414,0.773,0.323,22,52,0
10/10/2021,Lakers,2021,94,0.376,0.682,0.357,23,36,0
10/3/2021,Lakers,2021,97,0.364,0.688,0.314,17,41,0
6/1/2021,Lakers,2020,85,0.345,0.714,0.343,14,51,0
5/25/2021,Lakers,2020,109,0.45,0.871,0.303,24,39,1
5/23/2021,Lakers,2020,90,0.434,0.607,0.269,19,33,0
5/16/2021,Lakers,2020,110,0.469,0.6,0.314,30,42,1
5/15/2021,Lakers,2020,122,0.477,0.806,0.379,25,45,1
5/7/2021,Lakers,2020,101,0.416,0.727,0.367,19,49,0
5/6/2021,Lakers,2020,94,0.379,0.621,0.278,21,34,0
4/28/2021,Lakers,2020,107,0.438,0.619,0.294,31,41,0
4/26/2021,Lakers,2020,114,0.54,0.643,0.355,23,44,1
4/24/2021,Lakers,2020,93,0.384,0.789,0.267,22,36,0
4/22/2021,Lakers,2020,110,0.478,0.824,0.333,26,45,0
4/13/2021,Lakers,2020,101,0.415,0.944,0.364,24,38,1
4/12/2021,Lakers,2020,96,0.438,0.778,0.333,22,33,0
4/10/2021,Lakers,2020,126,0.505,0.65,0.559,30,47,1
4/8/2021,Lakers,2020,104,0.443,0.88,0.343,26,40,0
4/6/2021,Lakers,2020,110,0.494,0.636,0.45,29,49,1
4/4/2021,Lakers,2020,86,0.4,0.75,0.304,16,36,0
4/2/2021,Lakers,2020,115,0.473,0.6,0.515,26,55,1
3/23/2021,Lakers,2020,111,0.424,0.7,0.486,25,34,0
1/1/2021,Lakers,2020,109,0.406,0.813,0.424,27,58,1
12/30/2020,Lakers,2020,121,0.561,0.75,0.538,25,47,1
3/21/2021,Lakers,2020,94,0.412,0.679,0.2,20,41,0
3/15/2021,Lakers,2020,128,0.628,0.76,0.407,36,46,1
3/3/2021,Lakers,2020,120,0.527,0.714,0.444,27,41,0
2/24/2021,Lakers,2020,89,0.4,0.65,0.242,17,45,0
2/16/2021,Lakers,2020,112,0.545,0.81,0.423,20,38,1
2/14/2021,Lakers,2020,105,0.46,0.655,0.214,27,46,0
2/1/2021,Lakers,2020,107,0.519,0.833,0.304,24,31,1
1/30/2021,Lakers,2020,96,0.44,0.684,0.29,20,45,1
1/28/2021,Lakers,2020,92,0.409,0.667,0.429,25,44,0
1/27/2021,Lakers,2020,106,0.477,0.64,0.333,20,37,0
1/25/2021,Lakers,2020,115,0.483,0.75,0.313,21,40,1
1/23/2021,Lakers,2020,101,0.456,0.806,0.211,20,42,1
1/21/2021,Lakers,2020,113,0.466,0.8,0.514,25,38,1
1/13/2021,Lakers,2020,128,0.495,0.773,0.459,26,50,1
1/12/2021,Lakers,2020,117,0.5,0.704,0.438,26,55,1
1/10/2021,Lakers,2020,120,0.505,0.75,0.345,28,49,1
1/5/2021,Lakers,2020,94,0.437,0.818,0.29,24,52,1
1/3/2021,Lakers,2020,108,0.461,0.737,0.343,24,49,1
12/18/2020,Lakers,2020,114,0.506,0.593,0.533,25,33,1
12/16/2020,Lakers,2020,112,0.476,0.75,0.4,20,47,1
6/3/2021,Lakers,2020,100,0.418,0.875,0.286,21,35,0
5/30/2021,Lakers,2020,92,0.395,0.714,0.325,19,50,0
5/27/2021,Lakers,2020,109,0.442,0.867,0.25,19,51,1
5/19/2021,Lakers,2020,103,0.407,0.76,0.323,27,49,1
5/12/2021,Lakers,2020,124,0.571,0.591,0.35,28,41,1
5/11/2021,Lakers,2020,101,0.416,0.789,0.429,31,53,1
5/9/2021,Lakers,2020,123,0.488,0.78,0.433,24,41,1
5/3/2021,Lakers,2020,93,0.438,0.696,0.433,18,43,1
5/2/2021,Lakers,2020,114,0.482,0.677,0.379,32,44,0
4/30/2021,Lakers,2020,106,0.506,0.714,0.25,24,43,0
4/19/2021,Lakers,2020,97,0.43,0.68,0.429,17,32,0
4/17/2021,Lakers,2020,127,0.516,0.87,0.333,26,52,1
4/15/2021,Lakers,2020,113,0.449,0.684,0.324,28,36,0
3/31/2021,Lakers,2020,97,0.402,0.773,0.278,22,40,0
3/28/2021,Lakers,2020,96,0.415,0.739,0.275,25,52,1
3/26/2021,Lakers,2020,100,0.487,0.72,0.231,23,45,1
3/25/2021,Lakers,2020,101,0.436,0.727,0.346,22,42,0
12/28/2020,Lakers,2020,107,0.471,0.833,0.37,20,41,0
12/27/2020,Lakers,2020,127,0.556,0.778,0.371,32,46,1
12/25/2020,Lakers,2020,138,0.56,0.708,0.487,33,53,1
12/22/2020,Lakers,2020,109,0.469,0.774,0.31,22,45,0
3/20/2021,Lakers,2020,94,0.42,0.75,0.308,18,52,0
3/18/2021,Lakers,2020,116,0.478,0.75,0.333,23,48,1
3/16/2021,Lakers,2020,137,0.575,0.857,0.5,37,43,1
3/12/2021,Lakers,2020,105,0.447,0.769,0.318,20,44,1
3/2/2021,Lakers,2020,104,0.506,0.765,0.355,18,34,0
2/28/2021,Lakers,2020,117,0.471,0.684,0.355,22,60,1
2/26/2021,Lakers,2020,102,0.42,0.75,0.259,25,52,1
2/22/2021,Lakers,2020,124,0.471,0.647,0.341,29,45,0
2/20/2021,Lakers,2020,94,0.393,0.882,0.289,25,43,0
2/18/2021,Lakers,2020,98,0.482,0.714,0.267,21,39,0
2/12/2021,Lakers,2020,115,0.506,0.697,0.2,26,47,1
2/10/2021,Lakers,2020,114,0.472,0.833,0.286,22,43,1
2/8/2021,Lakers,2020,119,0.463,0.759,0.237,28,59,1
2/6/2021,Lakers,2020,135,0.56,0.857,0.474,32,41,1
2/4/2021,Lakers,2020,114,0.568,0.636,0.333,29,40,1
1/18/2021,Lakers,2020,113,0.482,0.727,0.31,23,50,0
1/15/2021,Lakers,2020,112,0.419,0.731,0.405,31,44,1
1/8/2021,Lakers,2020,117,0.506,0.852,0.414,21,42,1
1/7/2021,Lakers,2020,109,0.5,0.619,0.333,21,48,0
12/13/2020,Lakers,2020,131,0.568,0.677,0.72,28,45,1
12/11/2020,Lakers,2020,87,0.357,0.8,0.318,15,46,1
10/11/2020,Lakers,2019,106,0.483,0.643,0.314,23,46,1
10/6/2020,Lakers,2019,102,0.443,0.857,0.359,25,42,1
10/4/2020,Lakers,2019,104,0.43,0.759,0.333,23,43,0
9/24/2020,Lakers,2019,114,0.475,0.8,0.333,23,41,1
9/22/2020,Lakers,2019,106,0.518,0.636,0.231,27,25,0
9/10/2020,Lakers,2019,110,0.489,0.938,0.3,30,52,1
9/8/2020,Lakers,2019,112,0.551,0.696,0.333,25,43,1
8/24/2020,Lakers,2019,135,0.563,0.667,0.436,29,41,1
8/22/2020,Lakers,2019,116,0.5,0.651,0.333,26,55,1
8/8/2020,Lakers,2019,111,0.42,0.737,0.333,20,44,0
8/6/2020,Lakers,2019,97,0.455,0.694,0.105,18,48,0
8/3/2020,Lakers,2019,116,0.5,0.806,0.346,23,38,1
8/1/2020,Lakers,2019,92,0.354,0.727,0.25,17,40,0
7/25/2020,Lakers,2019,119,0.569,0.778,0.45,24,49,1
3/8/2020,Lakers,2019,112,0.448,0.857,0.286,22,45,1
3/1/2020,Lakers,2019,122,0.515,0.9,0.371,23,36,1
2/29/2020,Lakers,2019,88,0.409,0.583,0.25,26,45,0
2/27/2020,Lakers,2019,116,0.511,0.667,0.333,24,44,1
2/12/2020,Lakers,2019,120,0.505,0.519,0.364,29,49,1
2/8/2020,Lakers,2019,125,0.524,0.735,0.483,29,47,1
2/1/2020,Lakers,2019,129,0.512,0.815,0.442,33,46,1
1/25/2020,Lakers,2019,91,0.461,0.652,0.194,23,35,0
1/23/2020,Lakers,2019,128,0.5,0.75,0.5,28,52,1
1/22/2020,Lakers,2019,100,0.439,0.679,0.333,18,43,1
1/20/2020,Lakers,2019,107,0.438,0.759,0.269,22,36,0
1/18/2020,Lakers,2019,124,0.484,0.719,0.333,25,49,1
1/11/2020,Lakers,2019,125,0.515,0.8,0.469,21,54,1
1/10/2020,Lakers,2019,129,0.528,0.781,0.417,18,49,1
12/28/2019,Lakers,2019,128,0.516,0.821,0.344,32,44,1
12/19/2019,Lakers,2019,104,0.463,0.783,0.343,24,38,0
12/17/2019,Lakers,2019,102,0.473,0.471,0.258,28,42,0
12/15/2019,Lakers,2019,101,0.429,0.727,0.161,21,56,1
12/13/2019,Lakers,2019,113,0.494,0.652,0.324,26,50,1
12/11/2019,Lakers,2019,96,0.425,0.526,0.387,20,49,1
12/6/2019,Lakers,2019,136,0.541,0.818,0.472,26,45,1
12/4/2019,Lakers,2019,121,0.511,0.6,0.483,27,46,1
12/3/2019,Lakers,2019,105,0.464,0.667,0.292,24,56,1
11/27/2019,Lakers,2019,114,0.518,0.72,0.333,25,37,1
11/25/2019,Lakers,2019,114,0.494,0.667,0.424,28,40,1
11/23/2019,Lakers,2019,109,0.452,0.69,0.333,19,40,1
11/22/2019,Lakers,2019,130,0.511,0.793,0.548,32,45,1
11/12/2019,Lakers,2019,123,0.537,0.524,0.4,39,44,1
11/5/2019,Lakers,2019,118,0.489,0.708,0.333,26,49,1
11/3/2019,Lakers,2019,103,0.483,0.684,0.25,21,46,1
11/1/2019,Lakers,2019,119,0.49,0.762,0.281,24,41,1
10/22/2019,Lakers,2019,102,0.435,0.714,0.394,20,41,0
10/18/2019,Lakers,2019,103,0.41,0.667,0.406,25,35,0
10/12/2019,Lakers,2019,77,0.337,0.632,0.156,14,39,0
10/5/2019,Lakers,2019,123,0.475,0.633,0.303,32,58,1
10/9/2020,Lakers,2019,108,0.463,0.857,0.368,21,41,0
10/2/2020,Lakers,2019,124,0.505,0.588,0.34,32,44,1
9/30/2020,Lakers,2019,116,0.452,0.926,0.395,26,54,1
9/26/2020,Lakers,2019,117,0.545,0.828,0.375,24,43,1
9/20/2020,Lakers,2019,105,0.446,0.947,0.361,23,44,1
9/18/2020,Lakers,2019,126,0.53,0.73,0.423,33,34,1
9/12/2020,Lakers,2019,119,0.527,0.759,0.514,25,50,1
9/6/2020,Lakers,2019,117,0.566,0.611,0.444,30,41,1
9/4/2020,Lakers,2019,97,0.422,0.842,0.289,18,41,0
8/29/2020,Lakers,2019,131,0.545,0.808,0.389,27,41,1
8/20/2020,Lakers,2019,111,0.478,0.9,0.368,26,50,1
8/18/2020,Lakers,2019,93,0.351,0.645,0.156,22,55,0
8/13/2020,Lakers,2019,122,0.49,0.733,0.429,29,47,0
8/10/2020,Lakers,2019,124,0.543,0.688,0.483,28,32,1
8/5/2020,Lakers,2019,86,0.352,0.655,0.135,17,46,0
7/30/2020,Lakers,2019,103,0.39,0.757,0.306,21,45,1
7/27/2020,Lakers,2019,123,0.494,0.71,0.464,22,47,1
7/23/2020,Lakers,2019,104,0.494,0.733,0.273,18,38,0
3/10/2020,Lakers,2019,102,0.46,0.583,0.375,24,46,0
3/6/2020,Lakers,2019,113,0.418,0.816,0.188,19,52,1
3/3/2020,Lakers,2019,120,0.535,0.833,0.394,25,43,1
2/25/2020,Lakers,2019,118,0.441,0.714,0.295,27,51,1
2/23/2020,Lakers,2019,114,0.453,0.676,0.324,20,46,1
2/21/2020,Lakers,2019,117,0.477,0.65,0.31,25,49,1
2/10/2020,Lakers,2019,125,0.516,0.68,0.378,28,59,1
2/6/2020,Lakers,2019,111,0.495,0.75,0.29,33,38,0
2/4/2020,Lakers,2019,129,0.588,0.68,0.429,28,58,1
1/31/2020,Lakers,2019,119,0.469,0.643,0.344,28,62,0
1/15/2020,Lakers,2019,118,0.495,0.636,0.395,34,48,0
1/13/2020,Lakers,2019,128,0.545,0.75,0.367,33,45,1
1/7/2020,Lakers,2019,117,0.5,0.857,0.472,27,48,1
1/5/2020,Lakers,2019,106,0.457,0.696,0.3,23,50,1
1/3/2020,Lakers,2019,123,0.5,0.821,0.483,29,47,1
1/1/2020,Lakers,2019,117,0.478,0.706,0.25,25,45,1
12/29/2019,Lakers,2019,108,0.487,0.821,0.391,28,39,1
12/25/2019,Lakers,2019,106,0.406,0.762,0.267,24,42,0
12/22/2019,Lakers,2019,104,0.47,0.727,0.345,18,45,0
12/8/2019,Lakers,2019,142,0.585,0.9,0.452,32,41,1
12/1/2019,Lakers,2019,100,0.46,0.813,0.259,25,45,0
11/29/2019,Lakers,2019,125,0.517,0.75,0.438,29,47,1
11/19/2019,Lakers,2019,112,0.483,0.632,0.452,29,46,1
11/17/2019,Lakers,2019,122,0.528,0.813,0.429,26,42,1
11/15/2019,Lakers,2019,99,0.42,0.909,0.297,22,41,1
11/13/2019,Lakers,2019,120,0.539,0.833,0.45,31,51,1
11/10/2019,Lakers,2019,104,0.436,0.632,0.333,31,51,0
11/8/2019,Lakers,2019,95,0.449,0.875,0.25,30,48,1
10/29/2019,Lakers,2019,120,0.465,0.846,0.269,25,54,1
10/27/2019,Lakers,2019,120,0.527,0.786,0.355,30,47,1
10/25/2019,Lakers,2019,95,0.395,0.792,0.308,19,42,1
10/16/2019,Lakers,2019,126,0.598,0.684,0.5,33,46,1
10/14/2019,Lakers,2019,104,0.418,0.769,0.348,25,48,1
10/10/2019,Lakers,2019,111,0.432,0.783,0.393,30,45,0
4/5/2019,Lakers,2018,122,0.448,0.815,0.438,28,55,1
4/2/2019,Lakers,2018,103,0.476,0.7,0.41,26,39,0
3/31/2019,Lakers,2018,130,0.475,0.864,0.395,30,46,1
3/27/2019,Lakers,2018,100,0.381,0.708,0.333,21,40,0
3/19/2019,Lakers,2018,101,0.384,0.826,0.372,20,42,0
3/17/2019,Lakers,2018,123,0.485,0.786,0.259,26,35,0
3/15/2019,Lakers,2018,97,0.419,0.731,0.24,24,47,0
3/14/2019,Lakers,2018,98,0.447,0.625,0.226,24,46,0
3/12/2019,Lakers,2018,123,0.547,0.8,0.394,23,41,1
3/2/2019,Lakers,2018,109,0.483,0.652,0.32,27,40,0
2/25/2019,Lakers,2018,105,0.449,0.75,0.37,25,46,0
2/23/2019,Lakers,2018,115,0.543,0.654,0.345,33,39,0
2/12/2019,Lakers,2018,113,0.432,0.68,0.35,25,44,0
2/10/2019,Lakers,2018,120,0.516,0.737,0.37,31,43,0
2/7/2019,Lakers,2018,129,0.515,0.389,0.537,35,43,1
2/5/2019,Lakers,2018,94,0.467,0.769,0.19,25,34,0
2/2/2019,Lakers,2018,101,0.438,0.588,0.259,23,49,0
1/31/2019,Lakers,2018,123,0.457,0.8,0.423,28,56,1
1/19/2019,Lakers,2018,134,0.521,0.8,0.27,27,56,0
1/17/2019,Lakers,2018,138,0.505,0.905,0.475,37,63,1
1/11/2019,Lakers,2018,95,0.359,0.667,0.185,14,55,0
1/7/2019,Lakers,2018,107,0.436,0.63,0.276,28,44,1
1/6/2019,Lakers,2018,86,0.368,0.607,0.227,20,48,0
12/27/2018,Lakers,2018,116,0.511,0.696,0.4,25,46,0
12/25/2018,Lakers,2018,127,0.553,0.741,0.394,27,49,1
12/18/2018,Lakers,2018,110,0.467,0.565,0.325,21,48,0
12/16/2018,Lakers,2018,110,0.484,0.611,0.306,24,43,0
12/15/2018,Lakers,2018,128,0.533,0.667,0.412,34,52,1
12/13/2018,Lakers,2018,111,0.538,0.556,0.313,23,31,0
12/8/2018,Lakers,2018,111,0.443,0.75,0.4,27,57,1
12/7/2018,Lakers,2018,120,0.46,0.81,0.306,24,43,0
11/27/2018,Lakers,2018,85,0.391,0.667,0.143,19,39,0
11/21/2018,Lakers,2018,109,0.513,0.714,0.36,23,51,1
11/18/2018,Lakers,2018,113,0.442,0.857,0.407,16,50,1
11/17/2018,Lakers,2018,117,0.478,0.84,0.333,22,41,0
11/10/2018,Lakers,2018,101,0.414,0.412,0.316,23,59,1
11/3/2018,Lakers,2018,114,0.523,0.64,0.381,20,50,1
10/29/2018,Lakers,2018,120,0.471,0.667,0.364,24,48,0
10/27/2018,Lakers,2018,106,0.477,0.611,0.394,19,42,0
10/24/2018,Lakers,2018,131,0.52,0.739,0.357,34,43,1
10/18/2018,Lakers,2018,119,0.484,0.759,0.233,23,46,0
10/12/2018,Lakers,2018,119,0.533,0.732,0.529,29,50,1
4/9/2019,Lakers,2018,101,0.426,0.647,0.345,29,51,0
4/7/2019,Lakers,2018,113,0.517,0.667,0.28,28,49,1
4/4/2019,Lakers,2018,90,0.356,0.571,0.216,25,62,0
3/29/2019,Lakers,2018,129,0.56,0.75,0.474,34,44,1
3/26/2019,Lakers,2018,124,0.539,0.739,0.333,37,52,1
3/24/2019,Lakers,2018,111,0.459,0.833,0.325,29,56,1
3/22/2019,Lakers,2018,106,0.385,0.719,0.25,21,59,0
3/9/2019,Lakers,2018,107,0.484,0.778,0.185,28,43,0
3/6/2019,Lakers,2018,99,0.476,0.522,0.226,26,41,0
3/4/2019,Lakers,2018,105,0.418,0.792,0.263,22,40,0
3/1/2019,Lakers,2018,120,0.479,0.833,0.325,29,40,0
2/27/2019,Lakers,2018,125,0.521,0.613,0.32,37,39,1
2/21/2019,Lakers,2018,111,0.442,0.818,0.267,22,49,1
1/29/2019,Lakers,2018,105,0.467,0.75,0.304,26,49,0
1/27/2019,Lakers,2018,116,0.528,0.667,0.435,28,41,1
1/24/2019,Lakers,2018,105,0.506,0.643,0.286,28,39,0
1/21/2019,Lakers,2018,111,0.5,0.579,0.25,20,42,0
1/15/2019,Lakers,2018,107,0.463,0.676,0.308,21,51,1
1/13/2019,Lakers,2018,95,0.396,0.593,0.206,21,51,0
1/9/2019,Lakers,2018,113,0.561,0.722,0.348,30,47,1
1/4/2019,Lakers,2018,112,0.439,0.75,0.297,23,55,0
1/2/2019,Lakers,2018,100,0.416,0.594,0.259,24,54,0
12/30/2018,Lakers,2018,121,0.48,0.6,0.341,30,50,1
12/28/2018,Lakers,2018,107,0.414,0.686,0.367,23,50,0
12/23/2018,Lakers,2018,99,0.493,0.682,0.333,27,41,0
12/21/2018,Lakers,2018,112,0.467,0.72,0.25,28,48,1
12/10/2018,Lakers,2018,108,0.456,0.6,0.438,24,46,1
12/5/2018,Lakers,2018,121,0.477,0.697,0.359,21,42,1
12/2/2018,Lakers,2018,120,0.5,0.739,0.407,26,56,1
11/30/2018,Lakers,2018,114,0.488,0.656,0.3,23,47,1
11/29/2018,Lakers,2018,104,0.488,0.565,0.292,25,50,1
11/25/2018,Lakers,2018,104,0.468,0.645,0.385,22,42,0
11/23/2018,Lakers,2018,90,0.456,0.611,0.304,10,47,1
11/14/2018,Lakers,2018,126,0.473,0.885,0.469,25,48,1
11/11/2018,Lakers,2018,107,0.424,0.625,0.368,28,48,1
11/7/2018,Lakers,2018,114,0.484,0.786,0.441,32,47,1
11/4/2018,Lakers,2018,107,0.459,0.793,0.25,25,38,0
10/31/2018,Lakers,2018,114,0.512,0.75,0.588,23,39,1
10/25/2018,Lakers,2018,121,0.5,0.826,0.345,27,42,1
10/22/2018,Lakers,2018,142,0.514,0.692,0.359,33,52,0
10/20/2018,Lakers,2018,115,0.48,0.611,0.25,28,44,0
10/10/2018,Lakers,2018,123,0.433,0.826,0.304,28,45,1
10/6/2018,Lakers,2018,87,0.385,0.636,0.167,24,48,0
10/4/2018,Lakers,2018,128,0.526,0.727,0.3,19,48,1
10/2/2018,Lakers,2018,111,0.512,0.789,0.345,28,38,0
9/30/2018,Lakers,2018,107,0.46,0.731,0.32,26,37,0
4/11/2018,Lakers,2017,115,0.477,0.875,0.436,25,49,1
4/3/2018,Lakers,2017,110,0.486,0.667,0.5,23,39,0
3/26/2018,Lakers,2017,106,0.471,0.8,0.261,29,47,0
3/24/2018,Lakers,2017,100,0.407,0.68,0.342,19,44,1
3/22/2018,Lakers,2017,125,0.494,0.786,0.436,19,40,0
3/19/2018,Lakers,2017,100,0.442,0.696,0.242,20,47,0
3/14/2018,Lakers,2017,106,0.452,0.643,0.316,24,35,0
3/9/2018,Lakers,2017,116,0.489,0.75,0.4,25,44,0
3/3/2018,Lakers,2017,116,0.435,0.778,0.441,26,46,1
3/1/2018,Lakers,2017,131,0.595,0.808,0.552,29,36,1
2/26/2018,Lakers,2017,123,0.522,0.737,0.455,28,59,1
2/24/2018,Lakers,2017,113,0.451,0.7,0.447,26,44,1
2/15/2018,Lakers,2017,111,0.457,0.692,0.226,19,46,0
2/14/2018,Lakers,2017,117,0.511,0.833,0.455,26,37,0
2/10/2018,Lakers,2017,123,0.548,0.682,0.471,29,37,0
2/4/2018,Lakers,2017,108,0.488,0.611,0.433,24,40,1
2/2/2018,Lakers,2017,102,0.424,0.7,0.385,21,56,1
1/31/2018,Lakers,2017,105,0.47,0.767,0.2,18,43,0
1/28/2018,Lakers,2017,111,0.44,0.697,0.32,22,44,0
1/26/2018,Lakers,2017,108,0.451,0.75,0.208,23,48,1
1/17/2018,Lakers,2017,90,0.469,1,0.385,25,30,0
1/15/2018,Lakers,2017,114,0.396,0.839,0.343,25,44,0
1/13/2018,Lakers,2017,107,0.453,0.722,0.308,24,59,1
1/1/2018,Lakers,2017,96,0.447,0.69,0.308,18,37,0
12/31/2017,Lakers,2017,142,0.505,0.703,0.4,31,54,0
12/22/2017,Lakers,2017,106,0.426,0.682,0.379,22,46,0
12/20/2017,Lakers,2017,122,0.471,0.628,0.429,27,47,1
12/14/2017,Lakers,2017,112,0.495,0.643,0.29,33,49,0
12/12/2017,Lakers,2017,109,0.412,0.8,0.371,24,52,0
12/9/2017,Lakers,2017,110,0.506,0.714,0.333,24,46,1
12/7/2017,Lakers,2017,107,0.438,0.5,0.393,22,44,1
12/2/2017,Lakers,2017,100,0.442,0.714,0.3,21,52,0
11/27/2017,Lakers,2017,115,0.484,0.667,0.367,23,43,0
11/22/2017,Lakers,2017,102,0.5,0.6,0.517,27,32,0
11/13/2017,Lakers,2017,100,0.424,0.615,0.424,17,53,1
11/11/2017,Lakers,2017,90,0.419,0.595,0.273,21,48,0
11/9/2017,Lakers,2017,95,0.36,0.732,0.13,17,46,0
11/8/2017,Lakers,2017,96,0.435,0.739,0.208,16,48,0
11/2/2017,Lakers,2017,110,0.544,0.741,0.222,16,32,0
10/28/2017,Lakers,2017,81,0.383,0.7,0.227,17,39,0
10/20/2017,Lakers,2017,132,0.516,0.727,0.462,22,42,1
10/13/2017,Lakers,2017,111,0.489,0.696,0.31,28,51,1
4/10/2018,Lakers,2017,99,0.422,0.867,0.278,22,47,0
4/8/2018,Lakers,2017,97,0.398,0.818,0.2,20,44,0
4/6/2018,Lakers,2017,96,0.392,0.813,0.333,16,53,0
4/4/2018,Lakers,2017,122,0.547,0.833,0.542,32,44,1
4/1/2018,Lakers,2017,83,0.4,0.64,0.219,18,47,0
3/30/2018,Lakers,2017,122,0.511,0.72,0.296,33,56,0
3/28/2018,Lakers,2017,103,0.468,0.688,0.273,25,49,1
3/16/2018,Lakers,2017,91,0.421,0.818,0.474,22,49,0
3/13/2018,Lakers,2017,112,0.444,0.68,0.375,20,52,1
3/11/2018,Lakers,2017,127,0.5,0.9,0.382,30,51,1
3/7/2018,Lakers,2017,108,0.489,0.917,0.333,27,39,1
3/5/2018,Lakers,2017,103,0.391,0.774,0.297,20,47,0
2/23/2018,Lakers,2017,124,0.516,0.75,0.394,32,62,1
2/8/2018,Lakers,2017,106,0.438,0.923,0.323,28,51,1
2/6/2018,Lakers,2017,112,0.47,0.885,0.423,19,56,1
1/23/2018,Lakers,2017,108,0.44,0.583,0.269,18,51,1
1/21/2018,Lakers,2017,127,0.56,0.714,0.385,31,39,1
1/19/2018,Lakers,2017,99,0.55,0.143,0.321,26,47,1
1/11/2018,Lakers,2017,93,0.414,0.571,0.342,22,47,1
1/9/2018,Lakers,2017,99,0.481,0.619,0.343,30,55,1
1/7/2018,Lakers,2017,132,0.558,0.8,0.444,32,49,1
1/5/2018,Lakers,2017,94,0.404,0.75,0.25,24,46,0
1/3/2018,Lakers,2017,96,0.413,0.6,0.333,24,45,0
12/29/2017,Lakers,2017,106,0.489,0.688,0.158,25,35,0
12/27/2017,Lakers,2017,99,0.376,0.636,0.286,14,49,0
12/25/2017,Lakers,2017,104,0.435,0.7,0.333,21,37,0
12/23/2017,Lakers,2017,92,0.424,0.6,0.32,23,55,0
12/18/2017,Lakers,2017,114,0.446,0.629,0.4,23,45,0
12/3/2017,Lakers,2017,95,0.381,0.733,0.321,16,45,0
11/29/2017,Lakers,2017,123,0.495,0.8,0.375,30,34,0
11/21/2017,Lakers,2017,103,0.4,0.72,0.325,23,53,1
11/19/2017,Lakers,2017,127,0.53,0.563,0.375,36,46,1
11/17/2017,Lakers,2017,113,0.495,0.667,0.28,26,49,0
11/15/2017,Lakers,2017,109,0.385,0.815,0.111,18,57,0
11/5/2017,Lakers,2017,107,0.471,0.783,0.333,25,46,1
11/3/2017,Lakers,2017,124,0.511,0.704,0.429,26,57,1
10/31/2017,Lakers,2017,113,0.495,0.786,0.462,30,53,1
10/27/2017,Lakers,2017,92,0.456,0.708,0.13,20,49,0
10/25/2017,Lakers,2017,102,0.446,0.813,0.233,27,53,1
10/22/2017,Lakers,2017,112,0.489,0.75,0.333,27,38,0
10/19/2017,Lakers,2017,92,0.407,0.609,0.25,21,52,0
10/10/2017,Lakers,2017,99,0.444,0.75,0.273,23,39,0
10/8/2017,Lakers,2017,75,0.414,0.733,0.25,21,49,1
10/4/2017,Lakers,2017,104,0.513,0.576,0.263,25,32,0
10/2/2017,Lakers,2017,107,0.452,0.815,0.333,26,48,0
9/30/2017,Lakers,2017,99,0.441,0.706,0.167,27,48,0
4/12/2017,Lakers,2016,94,0.441,0.571,0.235,23,40,0
4/5/2017,Lakers,2016,102,0.488,0.786,0.5,23,47,1
4/1/2017,Lakers,2016,104,0.433,0.667,0.261,26,41,0
3/30/2017,Lakers,2016,104,0.476,0.938,0.333,20,42,0
3/15/2017,Lakers,2016,100,0.462,0.722,0.12,16,38,0
3/13/2017,Lakers,2016,101,0.433,0.579,0.3,17,46,0
3/9/2017,Lakers,2016,122,0.48,0.667,0.444,21,42,1
3/7/2017,Lakers,2016,111,0.467,0.727,0.367,25,44,0
2/24/2017,Lakers,2016,93,0.396,0.429,0.2,23,51,0
2/15/2017,Lakers,2016,101,0.376,0.786,0.346,16,36,0
2/10/2017,Lakers,2016,122,0.52,0.829,0.484,25,33,1
2/8/2017,Lakers,2016,102,0.43,0.846,0.261,21,41,0
2/6/2017,Lakers,2016,121,0.431,0.806,0.286,19,55,1
2/3/2017,Lakers,2016,107,0.394,0.731,0.368,24,52,0
2/2/2017,Lakers,2016,108,0.46,0.727,0.308,19,47,0
1/26/2017,Lakers,2016,88,0.429,0.923,0.286,13,48,0
1/25/2017,Lakers,2016,98,0.394,0.929,0.367,16,51,0
1/22/2017,Lakers,2016,73,0.384,0.824,0.143,11,32,0
1/14/2017,Lakers,2016,97,0.45,0.556,0.476,21,40,0
1/12/2017,Lakers,2016,94,0.412,0.72,0.3,23,29,0
1/5/2017,Lakers,2016,109,0.419,0.818,0.323,15,40,0
12/23/2016,Lakers,2016,90,0.356,0.833,0.348,16,46,0
12/22/2016,Lakers,2016,107,0.444,0.867,0.368,18,40,0
12/20/2016,Lakers,2016,113,0.489,0.818,0.485,29,40,0
12/17/2016,Lakers,2016,108,0.477,0.769,0.432,30,41,0
12/16/2016,Lakers,2016,100,0.456,0.864,0.3,19,46,1
12/14/2016,Lakers,2016,97,0.385,0.618,0.222,11,49,0
12/12/2016,Lakers,2016,92,0.393,0.762,0.435,18,39,0
12/7/2016,Lakers,2016,95,0.391,0.815,0.25,14,39,0
12/3/2016,Lakers,2016,100,0.432,0.793,0.333,16,44,0
12/2/2016,Lakers,2016,80,0.344,0.588,0.231,16,46,0
11/30/2016,Lakers,2016,96,0.407,0.683,0.25,17,60,1
11/29/2016,Lakers,2016,88,0.425,0.5,0.167,26,47,0
11/23/2016,Lakers,2016,106,0.43,0.818,0.4,22,37,0
11/13/2016,Lakers,2016,99,0.465,0.833,0.333,16,39,0
11/12/2016,Lakers,2016,126,0.553,0.857,0.533,36,47,1
11/10/2016,Lakers,2016,101,0.514,0.727,0.333,18,42,1
11/2/2016,Lakers,2016,123,0.533,0.9,0.409,24,42,1
11/1/2016,Lakers,2016,108,0.449,0.88,0.214,14,44,0
10/30/2016,Lakers,2016,96,0.402,0.792,0.219,20,41,0
10/28/2016,Lakers,2016,89,0.381,0.762,0.391,16,43,0
4/11/2017,Lakers,2016,108,0.477,0.696,0.364,24,47,1
4/9/2017,Lakers,2016,110,0.488,0.8,0.37,26,40,1
4/7/2017,Lakers,2016,98,0.442,0.72,0.167,20,41,1
4/2/2017,Lakers,2016,108,0.471,0.778,0.368,14,51,1
3/28/2017,Lakers,2016,108,0.506,0.875,0.364,21,43,0
3/26/2017,Lakers,2016,81,0.393,0.588,0.238,19,42,0
3/24/2017,Lakers,2016,130,0.523,0.857,0.609,26,42,1
3/21/2017,Lakers,2016,109,0.467,0.63,0.3,23,41,0
3/19/2017,Lakers,2016,120,0.516,0.789,0.407,23,40,0
3/17/2017,Lakers,2016,103,0.452,0.615,0.379,24,40,0
3/12/2017,Lakers,2016,116,0.5,0.857,0.2,24,40,0
3/5/2017,Lakers,2016,97,0.458,0.733,0.357,22,49,0
3/3/2017,Lakers,2016,95,0.425,0.75,0.25,23,34,0
2/28/2017,Lakers,2016,104,0.488,0.769,0.375,22,39,0
2/26/2017,Lakers,2016,98,0.46,0.611,0.318,16,44,0
2/14/2017,Lakers,2016,96,0.458,0.533,0.414,22,43,0
1/31/2017,Lakers,2016,120,0.528,0.778,0.462,25,44,1
1/20/2017,Lakers,2016,108,0.471,0.8,0.424,27,51,1
1/17/2017,Lakers,2016,121,0.435,0.889,0.367,28,43,0
1/15/2017,Lakers,2016,97,0.434,0.792,0.231,19,50,0
1/10/2017,Lakers,2016,87,0.386,0.538,0.375,18,38,0
1/8/2017,Lakers,2016,111,0.483,0.792,0.25,23,47,1
1/6/2017,Lakers,2016,127,0.5,0.724,0.357,22,62,1
1/3/2017,Lakers,2016,116,0.512,0.536,0.515,34,43,1
1/1/2017,Lakers,2016,114,0.402,0.806,0.469,19,43,0
12/29/2016,Lakers,2016,89,0.471,0.72,0.368,15,34,0
12/27/2016,Lakers,2016,100,0.47,0.818,0.25,19,40,0
12/25/2016,Lakers,2016,111,0.476,0.767,0.32,18,48,1
12/11/2016,Lakers,2016,112,0.477,0.818,0.357,26,41,0
12/9/2016,Lakers,2016,115,0.46,0.765,0.346,18,49,0
12/5/2016,Lakers,2016,101,0.448,0.783,0.357,15,43,0
11/27/2016,Lakers,2016,109,0.442,0.85,0.4,20,53,1
11/25/2016,Lakers,2016,85,0.356,0.696,0.227,20,45,0
11/22/2016,Lakers,2016,111,0.506,0.813,0.519,25,35,1
11/20/2016,Lakers,2016,110,0.441,0.714,0.419,26,37,0
11/18/2016,Lakers,2016,107,0.448,0.81,0.48,24,45,0
11/15/2016,Lakers,2016,125,0.446,0.791,0.321,24,55,1
11/8/2016,Lakers,2016,97,0.487,0.786,0.385,20,37,0
11/6/2016,Lakers,2016,119,0.456,0.771,0.435,22,53,1
11/4/2016,Lakers,2016,117,0.474,0.905,0.267,26,51,1
10/26/2016,Lakers,2016,120,0.506,0.818,0.343,21,39,1
10/21/2016,Lakers,2016,94,0.391,0.655,0.259,20,49,0
10/19/2016,Lakers,2016,112,0.457,0.56,0.412,28,45,0
10/15/2016,Lakers,2016,107,0.429,0.788,0.333,21,38,0
10/13/2016,Lakers,2016,104,0.465,0.714,0.4,31,31,0
10/11/2016,Lakers,2016,106,0.432,0.615,0.286,19,46,0
10/9/2016,Lakers,2016,124,0.531,0.706,0.5,18,29,1
10/7/2016,Lakers,2016,97,0.394,0.591,0.333,21,47,0
10/4/2016,Lakers,2016,103,0.459,0.628,0.308,19,52,1
4/11/2016,Lakers,2015,79,0.284,0.867,0.226,15,48,0
4/10/2016,Lakers,2015,110,0.494,0.842,0.429,25,40,0
4/8/2016,Lakers,2015,102,0.42,0.852,0.458,18,34,0
4/5/2016,Lakers,2015,81,0.313,0.92,0.3,11,43,0
3/28/2016,Lakers,2015,75,0.306,0.727,0.35,11,37,0
3/23/2016,Lakers,2015,107,0.419,0.846,0.259,13,41,0
3/2/2016,Lakers,2015,107,0.443,0.813,0.355,19,31,0
2/24/2016,Lakers,2015,119,0.443,0.727,0.436,16,45,0
2/22/2016,Lakers,2015,101,0.368,0.767,0.414,18,46,0
2/21/2016,Lakers,2015,115,0.462,0.667,0.333,13,44,0
2/10/2016,Lakers,2015,111,0.442,0.815,0.464,16,44,0
2/8/2016,Lakers,2015,87,0.312,0.808,0.229,13,51,0
2/6/2016,Lakers,2015,102,0.395,0.889,0.333,19,46,0
2/4/2016,Lakers,2015,99,0.481,0.7,0.35,14,48,1
1/29/2016,Lakers,2015,93,0.436,0.8,0.385,19,48,0
1/23/2016,Lakers,2015,103,0.493,0.875,0.412,14,30,0
1/16/2016,Lakers,2015,82,0.344,0.611,0.391,16,44,0
1/14/2016,Lakers,2015,98,0.444,0.583,0.174,17,47,0
1/7/2016,Lakers,2015,115,0.539,0.862,0.333,20,33,0
12/30/2015,Lakers,2015,112,0.457,0.739,0.474,22,52,1
12/28/2015,Lakers,2015,98,0.412,0.826,0.31,24,41,0
12/27/2015,Lakers,2015,96,0.381,0.75,0.276,16,46,0
12/22/2015,Lakers,2015,111,0.476,0.75,0.269,17,40,1
12/19/2015,Lakers,2015,78,0.349,0.588,0.286,14,32,0
12/12/2015,Lakers,2015,97,0.398,0.85,0.313,21,40,0
12/11/2015,Lakers,2015,87,0.409,0.6,0.36,20,36,0
12/9/2015,Lakers,2015,122,0.516,0.63,0.391,19,40,0
12/7/2015,Lakers,2015,93,0.41,0.9,0.368,14,47,0
12/6/2015,Lakers,2015,91,0.4,0.759,0.278,12,39,0
12/4/2015,Lakers,2015,87,0.372,0.769,0.481,19,42,0
12/2/2015,Lakers,2015,108,0.427,0.9,0.32,17,45,1
12/1/2015,Lakers,2015,91,0.371,0.708,0.235,15,46,0
11/28/2015,Lakers,2015,96,0.439,0.739,0.304,20,33,0
11/24/2015,Lakers,2015,77,0.373,0.75,0.143,16,45,0
11/16/2015,Lakers,2015,101,0.481,0.9,0.45,12,37,0
11/13/2015,Lakers,2015,82,0.33,0.833,0.333,18,57,0
11/11/2015,Lakers,2015,99,0.494,0.778,0.318,25,43,0
11/10/2015,Lakers,2015,88,0.442,0.75,0.5,21,36,0
11/8/2015,Lakers,2015,95,0.383,0.609,0.333,19,46,0
11/6/2015,Lakers,2015,104,0.423,0.775,0.304,14,40,1
10/30/2015,Lakers,2015,114,0.461,0.778,0.324,20,37,0
4/13/2016,Lakers,2015,101,0.482,0.867,0.24,19,47,1
4/6/2016,Lakers,2015,81,0.356,0.765,0.211,12,49,0
4/3/2016,Lakers,2015,100,0.411,0.69,0.286,22,47,0
3/30/2016,Lakers,2015,102,0.363,0.759,0.3,14,49,1
3/27/2016,Lakers,2015,88,0.379,0.882,0.25,15,42,0
3/25/2016,Lakers,2015,105,0.435,0.808,0.435,23,43,0
3/22/2016,Lakers,2015,107,0.506,0.958,0.316,21,40,1
3/18/2016,Lakers,2015,90,0.36,0.846,0.261,21,50,0
3/15/2016,Lakers,2015,98,0.44,0.731,0.192,20,49,0
3/13/2016,Lakers,2015,87,0.4,0.762,0.188,14,45,0
3/10/2016,Lakers,2015,108,0.525,0.81,0.318,18,34,0
3/8/2016,Lakers,2015,107,0.494,0.783,0.333,21,45,1
3/6/2016,Lakers,2015,112,0.471,0.955,0.36,23,41,1
3/4/2016,Lakers,2015,77,0.341,0.7,0.185,19,46,0
3/1/2016,Lakers,2015,107,0.494,0.667,0.423,22,46,1
2/26/2016,Lakers,2015,95,0.41,0.667,0.217,14,38,0
2/19/2016,Lakers,2015,113,0.494,0.885,0.455,20,36,0
2/2/2016,Lakers,2015,119,0.5,0.771,0.462,23,31,1
1/31/2016,Lakers,2015,82,0.338,0.87,0.276,13,42,0
1/28/2016,Lakers,2015,91,0.376,0.783,0.36,21,41,0
1/26/2016,Lakers,2015,90,0.405,0.821,0.28,15,47,0
1/22/2016,Lakers,2015,95,0.452,0.722,0.375,19,45,0
1/20/2016,Lakers,2015,93,0.356,0.806,0.16,17,41,0
1/17/2016,Lakers,2015,95,0.451,0.789,0.316,25,36,0
1/12/2016,Lakers,2015,95,0.368,0.781,0.207,16,47,1
1/10/2016,Lakers,2015,74,0.326,0.867,0.143,15,41,0
1/8/2016,Lakers,2015,113,0.476,0.96,0.346,19,34,0
1/5/2016,Lakers,2015,88,0.319,0.833,0.238,15,52,0
1/3/2016,Lakers,2015,97,0.452,0.765,0.364,26,54,1
1/1/2016,Lakers,2015,93,0.379,0.759,0.313,17,50,1
12/25/2015,Lakers,2015,84,0.416,0.52,0.304,17,40,0
12/23/2015,Lakers,2015,85,0.36,0.636,0.28,19,35,0
12/17/2015,Lakers,2015,87,0.429,0.556,0.208,22,46,0
12/15/2015,Lakers,2015,113,0.461,0.84,0.37,26,52,1
11/29/2015,Lakers,2015,103,0.384,0.727,0.333,17,54,0
11/22/2015,Lakers,2015,93,0.364,0.852,0.333,17,51,0
11/20/2015,Lakers,2015,91,0.455,0.765,0.32,21,41,0
11/15/2015,Lakers,2015,97,0.413,0.744,0.316,24,46,1
11/3/2015,Lakers,2015,109,0.419,0.816,0.231,18,40,0
11/1/2015,Lakers,2015,93,0.365,0.75,0.294,18,42,0
10/28/2015,Lakers,2015,111,0.389,0.914,0.265,18,48,0
10/22/2015,Lakers,2015,97,0.413,0.742,0.333,18,34,0
10/19/2015,Lakers,2015,104,0.447,0.815,0.316,22,48,1
10/17/2015,Lakers,2015,85,0.46,0.714,0.412,18,36,1
10/13/2015,Lakers,2015,100,0.438,0.733,0.381,17,42,0
10/8/2015,Lakers,2015,97,0.461,0.741,0.259,22,37,0
10/7/2015,Lakers,2015,114,0.434,0.761,0.269,16,41,0
10/4/2015,Lakers,2015,71,0.289,0.619,0.261,11,48,0
4/13/2015,Lakers,2014,92,0.417,0.615,0.267,19,49,0
4/8/2015,Lakers,2014,101,0.48,0.686,0.313,15,39,0
4/7/2015,Lakers,2014,100,0.417,0.778,0.36,24,43,0
3/30/2015,Lakers,2014,113,0.488,0.767,0.476,27,45,1
3/29/2015,Lakers,2014,99,0.462,0.818,0.333,25,43,0
3/27/2015,Lakers,2014,83,0.345,0.724,0.235,14,46,0
3/25/2015,Lakers,2014,101,0.424,0.944,0.231,21,48,1
3/24/2015,Lakers,2014,117,0.518,0.741,0.474,22,28,0
3/16/2015,Lakers,2014,105,0.459,0.905,0.533,24,45,0
3/6/2015,Lakers,2014,90,0.464,0.778,0.417,22,44,0
3/4/2015,Lakers,2014,94,0.432,0.647,0.389,23,42,0
3/3/2015,Lakers,2014,103,0.453,0.905,0.353,24,41,0
2/25/2015,Lakers,2014,100,0.449,0.857,0.182,17,42,1
2/11/2015,Lakers,2014,86,0.366,1,0.438,17,48,0
2/8/2015,Lakers,2014,105,0.41,0.842,0.304,22,46,0
2/6/2015,Lakers,2014,97,0.402,0.615,0.423,27,43,0
2/4/2015,Lakers,2014,105,0.419,0.72,0.321,22,53,0
2/1/2015,Lakers,2014,80,0.355,0.826,0.438,15,46,0
1/23/2015,Lakers,2014,85,0.398,0.7,0.385,18,40,0
1/21/2015,Lakers,2014,80,0.364,0.857,0.3,16,41,0
1/19/2015,Lakers,2014,100,0.453,0.686,0.471,24,46,0
1/16/2015,Lakers,2014,85,0.477,0.741,0.429,7,42,0
1/7/2015,Lakers,2014,89,0.435,0.588,0.25,21,46,0
1/5/2015,Lakers,2014,94,0.42,0.8,0.286,20,49,0
12/30/2014,Lakers,2014,111,0.526,0.654,0.56,31,42,1
12/26/2014,Lakers,2014,98,0.364,0.75,0.379,20,63,0
12/25/2014,Lakers,2014,93,0.391,0.762,0.313,18,39,0
12/21/2014,Lakers,2014,101,0.379,0.833,0.385,14,47,0
12/15/2014,Lakers,2014,91,0.33,0.793,0.385,14,38,0
12/14/2014,Lakers,2014,100,0.42,0.794,0.294,22,45,1
12/12/2014,Lakers,2014,112,0.458,0.8,0.5,27,49,1
12/5/2014,Lakers,2014,96,0.413,0.737,0.375,14,38,0
12/3/2014,Lakers,2014,95,0.388,0.81,0.414,16,43,0
12/2/2014,Lakers,2014,106,0.481,0.75,0.588,25,47,1
11/21/2014,Lakers,2014,106,0.518,0.619,0.385,24,33,0
11/19/2014,Lakers,2014,98,0.407,0.826,0.25,17,47,1
11/18/2014,Lakers,2014,114,0.54,0.636,0.353,24,44,1
11/12/2014,Lakers,2014,102,0.417,0.781,0.333,15,38,0
11/11/2014,Lakers,2014,102,0.471,0.765,0.318,22,38,0
11/1/2014,Lakers,2014,104,0.466,0.72,0.286,21,37,0
10/29/2014,Lakers,2014,99,0.43,0.84,0.308,20,38,0
4/15/2015,Lakers,2014,99,0.383,0.8,0.292,22,46,0
4/12/2015,Lakers,2014,106,0.436,0.806,0.375,20,37,0
4/10/2015,Lakers,2014,106,0.494,0.625,0.391,35,46,1
4/5/2015,Lakers,2014,78,0.387,0.591,0.412,17,41,0
4/3/2015,Lakers,2014,77,0.378,0.588,0.357,13,43,0
4/1/2015,Lakers,2014,92,0.446,0.619,0.313,22,35,0
3/22/2015,Lakers,2014,101,0.481,0.818,0.357,21,52,1
3/19/2015,Lakers,2014,73,0.403,0.471,0.273,20,43,0
3/15/2015,Lakers,2014,86,0.4,0.733,0.389,21,54,0
3/12/2015,Lakers,2014,94,0.422,0.619,0.278,18,51,0
3/10/2015,Lakers,2014,93,0.427,0.867,0.231,23,46,1
3/8/2015,Lakers,2014,93,0.463,0.714,0.143,23,47,0
3/1/2015,Lakers,2014,101,0.444,0.667,0.36,25,49,0
2/27/2015,Lakers,2014,101,0.471,0.682,0.333,23,50,1
2/22/2015,Lakers,2014,118,0.512,0.658,0.389,22,46,1
2/20/2015,Lakers,2014,105,0.461,0.655,0.174,22,46,0
2/10/2015,Lakers,2014,96,0.435,0.593,0.333,23,43,0
1/29/2015,Lakers,2014,123,0.472,0.8,0.333,26,54,1
1/27/2015,Lakers,2014,92,0.425,0.813,0.25,17,38,0
1/25/2015,Lakers,2014,87,0.43,0.72,0.077,20,53,0
1/15/2015,Lakers,2014,102,0.513,0.696,0.333,26,35,0
1/13/2015,Lakers,2014,75,0.315,0.722,0.174,20,46,0
1/11/2015,Lakers,2014,94,0.444,0.789,0.318,29,45,0
1/9/2015,Lakers,2014,101,0.4,0.71,0.333,16,60,1
1/4/2015,Lakers,2014,88,0.38,0.933,0.333,14,37,1
1/2/2015,Lakers,2014,106,0.531,0.737,0.316,24,38,0
12/28/2014,Lakers,2014,107,0.519,0.55,0.6,22,35,0
12/23/2014,Lakers,2014,115,0.517,0.647,0.462,28,42,1
12/19/2014,Lakers,2014,103,0.482,0.733,0.4,28,43,0
12/9/2014,Lakers,2014,98,0.396,0.68,0.2,27,45,1
12/7/2014,Lakers,2014,87,0.4,0.667,0.263,18,34,0
11/30/2014,Lakers,2014,129,0.49,0.735,0.417,24,54,1
11/28/2014,Lakers,2014,119,0.539,0.682,0.381,27,35,0
11/26/2014,Lakers,2014,93,0.407,0.792,0.421,16,42,0
11/23/2014,Lakers,2014,94,0.371,0.735,0.125,15,50,0
11/16/2014,Lakers,2014,115,0.394,0.791,0.188,17,48,0
11/14/2014,Lakers,2014,80,0.373,0.71,0.167,17,46,0
11/9/2014,Lakers,2014,107,0.512,0.773,0.353,28,38,1
11/4/2014,Lakers,2014,106,0.398,0.732,0.375,16,49,0
10/31/2014,Lakers,2014,111,0.512,0.714,0.35,24,40,0
10/28/2014,Lakers,2014,90,0.354,0.795,0.3,16,36,0
10/24/2014,Lakers,2014,92,0.463,0.688,0.467,23,39,0
10/22/2014,Lakers,2014,94,0.5,0.75,0.273,20,39,1
10/21/2014,Lakers,2014,108,0.5,0.767,0.357,31,42,0
10/19/2014,Lakers,2014,98,0.4,0.867,0.308,18,37,1
10/16/2014,Lakers,2014,86,0.41,0.581,0,15,41,0
10/12/2014,Lakers,2014,75,0.366,0.882,0,17,37,0
10/9/2014,Lakers,2014,105,0.438,0.722,0.091,22,42,0
10/6/2014,Lakers,2014,98,0.448,0.682,0.5,29,45,1
4/16/2014,Lakers,2013,113,0.495,0.706,0.407,29,50,1
4/14/2014,Lakers,2013,119,0.549,0.864,0.417,31,36,1
4/6/2014,Lakers,2013,97,0.419,0.783,0.226,26,38,0
4/2/2014,Lakers,2013,102,0.385,0.8,0.429,26,52,0
3/28/2014,Lakers,2013,107,0.431,0.8,0.28,22,26,0
3/27/2014,Lakers,2013,105,0.494,0.778,0.333,23,38,0
3/14/2014,Lakers,2013,85,0.341,0.76,0.19,23,37,0
3/13/2014,Lakers,2013,102,0.394,0.6,0.481,23,37,0
3/7/2014,Lakers,2013,126,0.464,0.8,0.444,30,47,0
3/3/2014,Lakers,2013,107,0.457,0.867,0.444,29,44,1
2/26/2014,Lakers,2013,103,0.494,0.667,0.536,24,34,0
2/25/2014,Lakers,2013,98,0.433,0.6,0.348,22,42,0
2/7/2014,Lakers,2013,112,0.506,0.7,0.444,34,40,1
2/5/2014,Lakers,2013,119,0.532,0.773,0.486,35,40,1
2/4/2014,Lakers,2013,99,0.418,0.885,0.476,25,38,0
1/26/2014,Lakers,2013,103,0.52,0.778,0.478,16,35,0
1/24/2014,Lakers,2013,105,0.456,0.647,0.545,28,40,0
1/23/2014,Lakers,2013,102,0.455,0.619,0.36,21,35,0
1/20/2014,Lakers,2013,100,0.422,0.846,0.32,22,47,0
1/19/2014,Lakers,2013,112,0.463,0.929,0.545,20,31,1
1/17/2014,Lakers,2013,107,0.5,0.75,0.6,27,46,1
1/15/2014,Lakers,2013,114,0.473,0.917,0.3,26,43,0
1/10/2014,Lakers,2013,87,0.345,0.893,0.25,18,47,0
1/8/2014,Lakers,2013,99,0.409,0.8,0.292,20,47,0
1/7/2014,Lakers,2013,97,0.42,0.692,0.355,21,46,0
12/27/2013,Lakers,2013,103,0.5,0.696,0.304,16,37,0
12/23/2013,Lakers,2013,90,0.37,0.649,0.3,12,39,0
12/21/2013,Lakers,2013,83,0.325,0.818,0.2,11,50,0
12/17/2013,Lakers,2013,96,0.493,0.789,0.318,16,37,1
12/16/2013,Lakers,2013,100,0.476,0.81,0.238,18,43,0
12/14/2013,Lakers,2013,88,0.39,0.913,0.35,19,40,1
12/13/2013,Lakers,2013,97,0.414,0.581,0.28,26,41,0
12/6/2013,Lakers,2013,106,0.477,0.667,0.375,24,36,1
11/29/2013,Lakers,2013,106,0.45,0.667,0.452,24,44,1
11/27/2013,Lakers,2013,99,0.4,0.818,0.433,21,48,1
11/26/2013,Lakers,2013,111,0.53,0.769,0.464,30,34,0
11/13/2013,Lakers,2013,99,0.394,0.654,0.381,20,51,0
11/8/2013,Lakers,2013,85,0.388,0.654,0.316,19,48,0
11/7/2013,Lakers,2013,99,0.391,0.733,0.457,26,47,1
11/5/2013,Lakers,2013,104,0.443,0.7,0.387,21,35,0
10/30/2013,Lakers,2013,94,0.393,0.762,0.444,19,39,0
10/18/2013,Lakers,2013,89,0.413,0.739,0.25,19,36,0
4/13/2014,Lakers,2013,90,0.438,0.818,0.407,29,32,0
4/11/2014,Lakers,2013,95,0.393,0.8,0.321,23,42,0
4/8/2014,Lakers,2013,130,0.463,0.8,0.438,38,33,0
4/4/2014,Lakers,2013,95,0.422,0.75,0.25,26,38,0
4/1/2014,Lakers,2013,112,0.446,0.864,0.44,31,45,0
3/30/2014,Lakers,2013,115,0.53,0.917,0.278,29,42,1
3/25/2014,Lakers,2013,127,0.578,0.867,0.643,32,38,1
3/23/2014,Lakers,2013,103,0.463,0.793,0.375,20,34,1
3/21/2014,Lakers,2013,107,0.473,0.609,0.368,32,44,0
3/19/2014,Lakers,2013,109,0.429,0.759,0.346,19,46,0
3/9/2014,Lakers,2013,114,0.469,0.833,0.419,31,36,1
3/6/2014,Lakers,2013,94,0.395,0.692,0.267,26,33,0
3/4/2014,Lakers,2013,125,0.541,0.742,0.455,29,30,0
2/28/2014,Lakers,2013,126,0.6,0.688,0.704,35,31,1
2/23/2014,Lakers,2013,102,0.513,0.654,0.412,17,37,0
2/21/2014,Lakers,2013,101,0.482,0.737,0.318,23,46,1
2/19/2014,Lakers,2013,108,0.488,0.8,0.519,29,32,0
2/13/2014,Lakers,2013,103,0.482,0.591,0.357,29,42,0
2/11/2014,Lakers,2013,79,0.388,0.692,0.25,21,40,0
2/9/2014,Lakers,2013,86,0.439,0.727,0.316,26,43,0
1/31/2014,Lakers,2013,100,0.387,0.815,0.231,23,41,0
1/28/2014,Lakers,2013,92,0.394,0.813,0.208,24,50,0
1/14/2014,Lakers,2013,118,0.524,0.739,0.382,35,35,0
1/5/2014,Lakers,2013,115,0.472,0.778,0.143,26,38,0
1/3/2014,Lakers,2013,110,0.519,0.762,0.417,33,46,1
12/31/2013,Lakers,2013,79,0.358,0.778,0.292,18,39,0
12/29/2013,Lakers,2013,104,0.369,0.882,0.324,20,55,0
12/25/2013,Lakers,2013,95,0.418,0.577,0.389,15,47,0
12/20/2013,Lakers,2013,104,0.538,0.867,0.368,27,43,1
12/10/2013,Lakers,2013,108,0.488,0.781,0.263,22,33,0
12/8/2013,Lakers,2013,94,0.43,0.85,0.321,22,40,0
12/1/2013,Lakers,2013,108,0.46,0.783,0.357,25,41,0
11/24/2013,Lakers,2013,100,0.46,0.8,0.308,20,44,1
11/22/2013,Lakers,2013,102,0.476,0.765,0.458,21,36,1
11/17/2013,Lakers,2013,114,0.522,1,0.4,33,38,1
11/15/2013,Lakers,2013,86,0.438,0.545,0.417,25,40,0
11/12/2013,Lakers,2013,116,0.557,0.81,0.55,33,53,1
11/10/2013,Lakers,2013,90,0.38,0.556,0.385,24,46,0
11/3/2013,Lakers,2013,105,0.427,0.833,0.36,27,53,1
11/1/2013,Lakers,2013,85,0.366,0.708,0.296,22,46,0
10/29/2013,Lakers,2013,116,0.452,0.643,0.483,23,52,1
10/25/2013,Lakers,2013,111,0.5,0.857,0.448,28,40,1
10/22/2013,Lakers,2013,108,0.474,0.897,0.4,19,38,1
10/15/2013,Lakers,2013,95,0.43,0.727,0.393,25,41,0
10/10/2013,Lakers,2013,86,0.345,0.8,0.25,21,38,0
10/8/2013,Lakers,2013,90,0.395,0.765,0.222,19,44,1
10/6/2013,Lakers,2013,88,0.323,0.72,0.37,21,47,0
10/5/2013,Lakers,2013,104,0.412,0.8,0.273,22,44,1
4/24/2013,Lakers,2012,91,0.451,0.692,0.364,18,40,0
4/21/2013,Lakers,2012,79,0.411,0.667,0.2,15,44,0
4/10/2013,Lakers,2012,113,0.589,0.875,0.316,19,39,1
4/7/2013,Lakers,2012,95,0.434,0.733,0.292,25,36,0
3/30/2013,Lakers,2012,103,0.463,0.654,0.333,28,42,1
3/28/2013,Lakers,2012,103,0.442,0.769,0.25,19,40,0
3/27/2013,Lakers,2012,120,0.537,0.579,0.455,27,44,1
3/25/2013,Lakers,2012,103,0.396,0.694,0.231,17,51,0
3/18/2013,Lakers,2012,76,0.333,0.813,0.227,15,45,0
3/15/2013,Lakers,2012,99,0.423,0.667,0.5,27,48,1
3/13/2013,Lakers,2012,92,0.391,0.75,0.276,17,45,0
3/12/2013,Lakers,2012,106,0.466,0.617,0.36,20,41,1
3/6/2013,Lakers,2012,108,0.487,0.724,0.393,26,36,1
3/5/2013,Lakers,2012,105,0.403,0.775,0.414,11,46,0
2/25/2013,Lakers,2012,108,0.551,0.452,0.421,21,36,0
2/24/2013,Lakers,2012,103,0.472,0.71,0.52,17,45,1
2/10/2013,Lakers,2012,97,0.5,0.769,0.583,16,29,0
2/8/2013,Lakers,2012,100,0.45,0.8,0.308,23,46,1
2/7/2013,Lakers,2012,95,0.414,0.6,0.217,16,43,0
2/5/2013,Lakers,2012,92,0.451,0.833,0.231,20,40,1
2/3/2013,Lakers,2012,98,0.47,0.636,0.3,24,41,1
2/1/2013,Lakers,2012,111,0.424,0.84,0.375,27,57,1
1/30/2013,Lakers,2012,86,0.423,0.632,0.296,19,46,0
1/23/2013,Lakers,2012,93,0.425,0.75,0.412,15,34,0
1/21/2013,Lakers,2012,83,0.395,0.696,0.176,15,50,0
1/20/2013,Lakers,2012,103,0.432,0.857,0.333,20,37,0
1/9/2013,Lakers,2012,105,0.463,0.6,0.296,22,40,0
1/8/2013,Lakers,2012,112,0.473,0.923,0.452,25,37,0
1/4/2013,Lakers,2012,102,0.461,0.722,0.24,19,36,0
12/26/2012,Lakers,2012,114,0.494,0.7,0.379,29,38,0
12/22/2012,Lakers,2012,118,0.458,0.786,0.333,33,49,1
12/16/2012,Lakers,2012,111,0.488,0.792,0.412,22,41,1
12/14/2012,Lakers,2012,102,0.451,0.714,0.276,18,45,1
12/13/2012,Lakers,2012,107,0.417,0.862,0.324,13,44,0
12/11/2012,Lakers,2012,94,0.413,0.625,0.259,11,54,0
12/7/2012,Lakers,2012,108,0.429,0.806,0.393,17,45,0
12/5/2012,Lakers,2012,103,0.463,0.727,0.464,24,46,1
12/4/2012,Lakers,2012,105,0.458,0.647,0.333,16,53,0
11/24/2012,Lakers,2012,115,0.488,0.676,0.545,21,61,1
11/23/2012,Lakers,2012,98,0.446,0.833,0.444,19,28,0
11/21/2012,Lakers,2012,97,0.446,0.692,0.462,16,33,0
11/7/2012,Lakers,2012,86,0.338,0.696,0.174,11,48,0
10/31/2012,Lakers,2012,106,0.5,0.813,0.444,21,45,0
10/24/2012,Lakers,2012,91,0.471,0.704,0.381,23,36,0
4/28/2013,Lakers,2012,82,0.474,0.417,0.294,22,41,0
4/26/2013,Lakers,2012,89,0.432,0.6,0.2,19,35,0
4/17/2013,Lakers,2012,99,0.367,0.676,0.313,27,57,1
4/14/2013,Lakers,2012,91,0.365,0.645,0.333,18,58,1
4/12/2013,Lakers,2012,118,0.515,0.76,0.48,22,36,1
4/9/2013,Lakers,2012,104,0.506,0.773,0.28,26,42,1
4/5/2013,Lakers,2012,86,0.459,0.722,0.25,22,43,1
4/2/2013,Lakers,2012,101,0.444,0.636,0.333,23,57,1
3/22/2013,Lakers,2012,100,0.481,0.647,0.478,27,48,0
3/17/2013,Lakers,2012,113,0.569,0.655,0.429,28,43,1
3/10/2013,Lakers,2012,90,0.453,0.5,0.192,21,50,1
3/8/2013,Lakers,2012,118,0.429,0.722,0.359,23,47,1
3/3/2013,Lakers,2012,99,0.487,0.722,0.476,21,43,1
2/28/2013,Lakers,2012,116,0.53,0.571,0.5,30,49,1
2/22/2013,Lakers,2012,111,0.471,0.735,0.333,18,47,1
2/20/2013,Lakers,2012,113,0.506,0.71,0.318,24,49,1
2/14/2013,Lakers,2012,101,0.507,0.704,0.3,30,37,0
2/12/2013,Lakers,2012,91,0.434,0.667,0.333,23,48,1
1/29/2013,Lakers,2012,111,0.494,0.636,0.364,34,50,1
1/27/2013,Lakers,2012,105,0.554,0.552,0.412,29,43,1
1/25/2013,Lakers,2012,102,0.538,0.538,0.429,26,45,1
1/17/2013,Lakers,2012,90,0.431,0.643,0.455,22,42,0
1/15/2013,Lakers,2012,104,0.5,0.556,0.345,30,46,1
1/13/2013,Lakers,2012,113,0.58,0.741,0.52,32,41,1
1/11/2013,Lakers,2012,101,0.398,0.773,0.214,23,46,0
1/6/2013,Lakers,2012,105,0.463,0.704,0.333,30,48,0
1/1/2013,Lakers,2012,99,0.394,0.667,0.136,17,52,0
12/28/2012,Lakers,2012,104,0.465,0.607,0.292,29,52,1
12/25/2012,Lakers,2012,100,0.481,0.677,0.238,22,42,1
12/18/2012,Lakers,2012,101,0.398,0.778,0.323,21,48,1
12/9/2012,Lakers,2012,110,0.471,0.833,0.536,29,39,0
12/2/2012,Lakers,2012,103,0.419,0.641,0.353,20,46,0
11/30/2012,Lakers,2012,122,0.54,0.647,0.515,33,46,1
11/27/2012,Lakers,2012,77,0.316,0.535,0.214,13,56,0
11/20/2012,Lakers,2012,95,0.479,0.514,0.286,23,43,1
11/18/2012,Lakers,2012,119,0.541,0.643,0.45,27,41,1
11/16/2012,Lakers,2012,114,0.472,0.786,0.381,25,48,1
11/13/2012,Lakers,2012,82,0.419,0.636,0.3,18,48,0
11/11/2012,Lakers,2012,103,0.444,0.767,0.32,23,50,1
11/9/2012,Lakers,2012,101,0.4,0.75,0.286,22,58,1
11/4/2012,Lakers,2012,108,0.519,0.692,0.455,27,46,1
11/2/2012,Lakers,2012,95,0.5,0.714,0.438,15,38,0
10/30/2012,Lakers,2012,91,0.494,0.387,0.231,24,46,0
10/25/2012,Lakers,2012,82,0.424,0.769,0.316,23,42,0
10/21/2012,Lakers,2012,92,0.493,0.655,0.412,22,41,0
10/19/2012,Lakers,2012,98,0.468,0.783,0.364,22,40,0
10/16/2012,Lakers,2012,80,0.375,0.739,0.409,17,28,0
10/13/2012,Lakers,2012,86,0.351,0.683,0.286,21,46,0
10/10/2012,Lakers,2012,75,0.38,0.905,0.125,19,38,0
10/7/2012,Lakers,2012,83,0.394,0.71,0.455,21,38,0
5/21/2012,Lakers,2011,90,0.453,0.769,0.182,12,35,0
5/16/2012,Lakers,2011,75,0.385,0.929,0.133,11,41,0
5/14/2012,Lakers,2011,90,0.432,0.867,0.438,14,43,0
5/10/2012,Lakers,2011,96,0.422,0.733,0.286,23,42,0
5/6/2012,Lakers,2011,92,0.453,0.5,0.294,22,48,1
5/4/2012,Lakers,2011,84,0.372,0.8,0.24,21,44,0
4/26/2012,Lakers,2011,96,0.451,0.778,0.467,27,41,0
4/20/2012,Lakers,2011,97,0.434,0.833,0.429,19,29,0
4/18/2012,Lakers,2011,99,0.468,0.75,0.25,34,55,1
4/11/2012,Lakers,2011,98,0.449,0.583,0.478,23,60,1
4/9/2012,Lakers,2011,93,0.466,0.769,0.5,20,46,1
4/7/2012,Lakers,2011,105,0.485,0.556,0.111,22,54,0
4/4/2012,Lakers,2011,113,0.518,0.7,0.375,25,44,1
3/27/2012,Lakers,2011,104,0.419,0.794,0.25,23,52,1
3/21/2012,Lakers,2011,109,0.584,0.769,0.5,25,46,1
3/20/2012,Lakers,2011,104,0.506,0.875,0.375,18,31,0
3/14/2012,Lakers,2011,107,0.451,0.8,0.263,24,44,1
3/13/2012,Lakers,2011,116,0.494,0.824,0.3,24,51,1
3/9/2012,Lakers,2011,105,0.476,0.778,0.333,22,45,1
3/7/2012,Lakers,2011,101,0.395,0.784,0.381,21,42,0
3/6/2012,Lakers,2011,85,0.42,0.824,0.136,22,51,0
2/23/2012,Lakers,2011,85,0.385,0.913,0.308,16,41,0
2/22/2012,Lakers,2011,96,0.461,0.581,0.4,21,49,1
2/19/2012,Lakers,2011,90,0.449,0.68,0.167,21,45,0
2/12/2012,Lakers,2011,94,0.432,0.7,0.435,19,41,1
2/10/2012,Lakers,2011,85,0.375,0.826,0.25,13,48,0
2/9/2012,Lakers,2011,88,0.396,0.75,0.067,13,55,1
2/6/2012,Lakers,2011,90,0.42,0.75,0.292,23,55,0
2/4/2012,Lakers,2011,87,0.387,0.833,0.286,12,42,0
2/3/2012,Lakers,2011,93,0.474,0.6,0.308,19,47,1
1/29/2012,Lakers,2011,106,0.506,0.783,0.421,19,41,1
1/28/2012,Lakers,2011,89,0.439,0.647,0.316,23,44,0
1/20/2012,Lakers,2011,80,0.382,0.727,0.3,19,42,0
1/19/2012,Lakers,2011,87,0.42,0.813,0.3,19,38,0
1/14/2012,Lakers,2011,94,0.455,0.76,0.417,24,42,0
1/11/2012,Lakers,2011,90,0.427,0.842,0.444,17,46,1
1/5/2012,Lakers,2011,96,0.468,0.815,0,15,47,0
1/1/2012,Lakers,2011,90,0.398,0.667,0.174,19,44,0
12/26/2011,Lakers,2011,91,0.42,0.842,0.063,21,45,0
12/21/2011,Lakers,2011,103,0.548,0.786,0.5,27,44,0
5/19/2012,Lakers,2011,100,0.43,0.724,0.278,19,43,0
5/18/2012,Lakers,2011,99,0.386,0.976,0.364,20,44,1
5/12/2012,Lakers,2011,96,0.393,0.652,0.458,22,50,1
5/8/2012,Lakers,2011,99,0.389,0.769,0.375,20,48,0
5/1/2012,Lakers,2011,104,0.448,0.762,0.133,20,48,1
4/29/2012,Lakers,2011,103,0.5,0.733,0.353,22,52,1
4/22/2012,Lakers,2011,114,0.387,0.675,0.313,26,67,1
4/17/2012,Lakers,2011,91,0.488,1,0.2,28,37,0
4/15/2012,Lakers,2011,112,0.452,0.778,0.389,27,52,1
4/13/2012,Lakers,2011,103,0.507,0.69,0.467,25,45,1
4/6/2012,Lakers,2011,107,0.429,0.889,0.273,23,48,0
4/3/2012,Lakers,2011,91,0.481,1,0.318,27,50,1
4/1/2012,Lakers,2011,120,0.537,0.71,0.526,31,50,1
3/31/2012,Lakers,2011,88,0.416,0.773,0.318,28,47,1
3/29/2012,Lakers,2011,93,0.417,0.826,0.364,15,45,0
3/25/2012,Lakers,2011,96,0.425,0.9,0.389,21,38,0
3/23/2012,Lakers,2011,103,0.471,0.654,0.316,33,53,1
3/18/2012,Lakers,2011,99,0.452,0.775,0.154,24,45,0
3/16/2012,Lakers,2011,97,0.413,0.778,0.455,21,47,1
3/11/2012,Lakers,2011,97,0.507,0.654,0.5,25,42,1
3/4/2012,Lakers,2011,93,0.493,0.72,0.294,19,44,1
3/2/2012,Lakers,2011,115,0.537,0.808,0.353,25,48,1
2/29/2012,Lakers,2011,104,0.488,0.773,0.238,30,48,1
2/20/2012,Lakers,2011,103,0.458,0.864,0.421,23,51,1
2/17/2012,Lakers,2011,111,0.53,0.75,0.455,26,52,1
2/14/2012,Lakers,2011,86,0.44,0.444,0.471,20,52,1
1/31/2012,Lakers,2011,106,0.553,0.909,0.462,26,47,1
1/25/2012,Lakers,2011,96,0.485,0.75,0.5,20,36,1
1/22/2012,Lakers,2011,96,0.419,0.667,0.222,22,43,0
1/16/2012,Lakers,2011,73,0.382,0.737,0.1,19,44,1
1/13/2012,Lakers,2011,97,0.487,0.783,0.357,30,36,1
1/10/2012,Lakers,2011,99,0.488,0.826,0.118,27,49,1
1/8/2012,Lakers,2011,90,0.473,0.667,0.316,24,53,1
1/6/2012,Lakers,2011,97,0.481,0.69,0.273,27,47,1
1/3/2012,Lakers,2011,108,0.526,0.778,0.357,25,53,1
12/31/2011,Lakers,2011,92,0.453,0.8,0.083,24,50,1
12/29/2011,Lakers,2011,99,0.521,0.636,0.563,23,40,1
12/27/2011,Lakers,2011,96,0.423,0.811,0.375,17,46,1
12/25/2011,Lakers,2011,87,0.474,0.55,0.25,22,42,0
12/19/2011,Lakers,2011,95,0.448,0.683,0.438,22,41,0
